StockCode,Description
85123A,WHITE HANGING HEART T-LIGHT HOLDER
71053,WHITE METAL LANTERN
84406B,CREAM CUPID HEARTS COAT HANGER
84029G,KNITTED UNION FLAG HOT WATER BOTTLE
84029E,RED WOOLLY HOTTIE WHITE HEART.
22752,SET 7 BABUSHKA NESTING BOXES
22633,HAND WARMER UNION JACK
22632,HAND WARMER RED POLKA DOT
84879,ASSORTED COLOUR BIRD ORNAMENT
22745,POPPY'S PLAYHOUSE BEDROOM 
22748,POPPY'S PLAYHOUSE KITCHEN
22749,FELTCRAFT PRINCESS CHARLOTTE DOLL
22623,BOX OF VINTAGE JIGSAW BLOCKS 
22622,BOX OF VINTAGE ALPHABET BLOCKS
21754,HOME BUILDING BLOCK WORD
21755,LOVE BUILDING BLOCK WORD
48187,DOORMAT NEW ENGLAND
22960,JAM MAKING SET WITH JARS
22914,BLUE COAT RACK PARIS FASHION
21756,BATH BUILDING BLOCK WORD
22728,ALARM CLOCK BAKELIKE PINK
22727,ALARM CLOCK BAKELIKE RED 
22726,ALARM CLOCK BAKELIKE GREEN
21791,VINTAGE HEADS AND TAILS CARD GAME 
21035,SET/2 RED RETROSPOT TEA TOWELS 
22326,ROUND SNACK BOXES SET OF4 WOODLAND 
22629,SPACEBOY LUNCH BOX 
22659,LUNCH BOX I LOVE LONDON
22631,CIRCUS PARADE LUNCH BOX 
22661,CHARLOTTE BAG DOLLY GIRL DESIGN
21731,RED TOADSTOOL LED NIGHT LIGHT
22900, SET 2 TEA TOWELS I LOVE LONDON 
22544,MINI JIGSAW SPACEBOY
22492,MINI PAINT SET VINTAGE 
POST,POSTAGE
22086,PAPER CHAIN KIT 50'S CHRISTMAS 
20679,EDWARDIAN PARASOL RED
21871,SAVE THE PLANET MUG
21068,VINTAGE BILLBOARD LOVE/HATE MUG
82483,WOOD 2 DRAWER CABINET WHITE FINISH
82486,WOOD S/3 CABINET ANT WHITE FINISH
82482,WOODEN PICTURE FRAME WHITE FINISH
82494L,WOODEN FRAME ANTIQUE WHITE 
22114,HOT WATER BOTTLE TEA AND SYMPATHY
21733,RED HANGING HEART T-LIGHT HOLDER
22386,JUMBO BAG PINK POLKADOT
85099C,JUMBO  BAG BAROQUE BLACK WHITE
20723,STRAWBERRY CHARLOTTE BAG
84997B,RED 3 PIECE RETROSPOT CUTLERY SET
84997C,BLUE 3 PIECE POLKADOT CUTLERY SET
21094,SET/6 RED SPOTTY PAPER PLATES
20725,LUNCH BAG RED RETROSPOT
21559,STRAWBERRY LUNCH BOX WITH CUTLERY
22352,LUNCH BOX WITH CUTLERY RETROSPOT 
21212,PACK OF 72 RETROSPOT CAKE CASES
21975,PACK OF 60 DINOSAUR CAKE CASES
21977,PACK OF 60 PINK PAISLEY CAKE CASES
84991,60 TEATIME FAIRY CAKE CASES
21931,JUMBO STORAGE BAG SUKI
21929,JUMBO BAG PINK VINTAGE PAISLEY
22961,JAM MAKING SET PRINTED
22139,RETROSPOT TEA SET CERAMIC 11 PC 
22411,JUMBO SHOPPER VINTAGE RED PAISLEY
82567,"AIRLINE LOUNGE,METAL SIGN"
21672,WHITE SPOT RED CERAMIC DRAWER KNOB
22771,CLEAR DRAWER KNOB ACRYLIC EDWARDIAN
22637,PIGGY BANK RETROSPOT 
21934,SKULL SHOULDER BAG
21169,YOU'RE CONFUSING ME METAL SIGN 
21166,COOK WITH WINE METAL SIGN 
21175,GIN + TONIC DIET METAL SIGN
22083,PAPER CHAIN KIT RETROSPOT
84832,ZINC WILLIE WINKIE  CANDLE STICK
22644,CERAMIC CHERRY CAKE MONEY BANK
21533,RETROSPOT LARGE MILK JUG
15056BL,EDWARDIAN PARASOL BLACK
15056N,EDWARDIAN PARASOL NATURAL
22646,CERAMIC STRAWBERRY CAKE MONEY BANK
21523,DOORMAT FANCY FONT HOME SWEET HOME
21912,VINTAGE SNAKES & LADDERS
22379,RECYCLING BAG RETROSPOT 
22381,TOY TIDY PINK POLKADOT
22798,ANTIQUE GLASS DRESSING TABLE POT
22926,IVORY GIANT GARDEN THERMOMETER
22839,3 TIER CAKE TIN GREEN AND CREAM
22838,3 TIER CAKE TIN RED AND CREAM
82484,WOOD BLACK BOARD ANT WHITE FINISH
84755,COLOUR GLASS T-LIGHT HOLDER HANGING
22464,HANGING METAL HEART LANTERN
22457,NATURAL SLATE HEART CHALKBOARD 
22469,HEART OF WICKER SMALL
22470,HEART OF WICKER LARGE
21340,CLASSIC METAL BIRDCAGE PLANT HOLDER
22189,CREAM HEART CARD HOLDER
22427,ENAMEL FLOWER JUG CREAM
22424,ENAMEL BREAD BIN CREAM
22663,JUMBO BAG DOLLY GIRL DESIGN
85049A,TRADITIONAL CHRISTMAS RIBBONS
22662,LUNCH BAG DOLLY GIRL DESIGN
85099B,JUMBO BAG RED RETROSPOT
79321,CHILLI LIGHTS
22780,LIGHT GARLAND BUTTERFILES PINK
22779,WOODEN OWLS LIGHT GARLAND 
22466,FAIRY TALE COTTAGE NIGHTLIGHT
21411,GINGHAM HEART  DOORSTOP RED
22915,ASSORTED BOTTLE TOP  MAGNETS 
22969,HOMEMADE JAM SCENTED CANDLES
21115,ROSE CARAVAN DOORSTOP
22941,CHRISTMAS LIGHTS 10 REINDEER
85014B,RED RETROSPOT UMBRELLA
85014A,BLACK/BLUE POLKADOT UMBRELLA
22193,RED DINER WALL CLOCK
22192,BLUE DINER WALL CLOCK
22191,IVORY DINER WALL CLOCK
22195,LARGE HEART MEASURING SPOONS
22196,SMALL HEART MEASURING SPOONS
22962,JAM JAR WITH PINK LID
22963,JAM JAR WITH GREEN LID
22968,ROSE COTTAGE KEEPSAKE BOX 
84970S,HANGING HEART ZINC T-LIGHT HOLDER
22910,PAPER CHAIN KIT VINTAGE CHRISTMAS
20668,DISCO BALL CHRISTMAS DECORATION
22197,SMALL POPCORN HOLDER
21080,SET/20 RED RETROSPOT PAPER NAPKINS 
21086,SET/6 RED SPOTTY PAPER CUPS
22654,DELUXE SEWING KIT 
21485,RETROSPOT HEART HOT WATER BOTTLE
84030E,ENGLISH ROSE HOT WATER BOTTLE
22174,PHOTO CUBE
22150,3 STRIPEY MICE FELTCRAFT
22619,SET OF 6 SOLDIER SKITTLES
21891,TRADITIONAL WOODEN SKIPPING ROPE
21889,WOODEN BOX OF DOMINOES
22502,PICNIC BASKET WICKER SMALL
22180,RETROSPOT LAMP
21506,"FANCY FONT BIRTHDAY CARD, "
22866,HAND WARMER SCOTTY DOG DESIGN
22865,HAND WARMER OWL DESIGN
22632,HAND WARMER RED RETROSPOT
22558,CLOTHES PEGS RETROSPOT PACK 24 
85152,HAND OVER THE CHOCOLATE   SIGN 
22652,TRAVEL SEWING KIT
22188,BLACK HEART CARD HOLDER
21484,CHICK GREY HOT WATER BOTTLE
21314,SMALL GLASS HEART TRINKET POT
22730,ALARM CLOCK BAKELIKE IVORY
22729,ALARM CLOCK BAKELIKE ORANGE
22867,HAND WARMER BIRD DESIGN
21980,PACK OF 12 RED RETROSPOT TISSUES 
21844,RED RETROSPOT MUG
48185,DOORMAT FAIRY CAKE
21232,STRAWBERRY CERAMIC TRINKET BOX
22064,PINK DOUGHNUT TRINKET POT 
22835,HOT WATER BOTTLE I AM SO POORLY
22112,CHOCOLATE HOT WATER BOTTLE
21479,WHITE SKULL HOT WATER BOTTLE 
22111,SCOTTIE DOG HOT WATER BOTTLE
22110,BIRD HOUSE HOT WATER BOTTLE
22098,BOUDOIR SQUARE TISSUE BOX
22766,PHOTO FRAME CORNICE
22549,PICTURE DOMINOES
85049E,SCANDINAVIAN REDS RIBBONS
21328,BALLOONS  WRITING SET 
84509A,SET OF 4 ENGLISH ROSE PLACEMATS
84510A,SET OF 4 ENGLISH ROSE COASTERS
22767,TRIPLE PHOTO FRAME CORNICE 
22768,FAMILY PHOTO FRAME CORNICE
21463,MIRRORED DISCO BALL 
85150,LADIES & GENTLEMEN METAL SIGN
48129,DOORMAT TOPIARY
82580,BATHROOM METAL SIGN
82578,KITCHEN METAL SIGN
82581,TOILET METAL SIGN
22413,METAL SIGN TAKE IT OR LEAVE IT 
21907,I'M ON HOLIDAY METAL SIGN
22441,GROW YOUR OWN BASIL IN ENAMEL MUG
21122,SET/10 PINK POLKADOT PARTY CANDLES
22851,SET 20 NAPKINS FAIRY CAKES DESIGN 
22810,SET OF 6 T-LIGHTS SNOWMEN
22809,SET OF 6 T-LIGHTS SANTA
22435,SET OF 9 HEART SHAPED BALLOONS
20963,APPLE BATH SPONGE
20961,STRAWBERRY BATH SPONGE 
21592,RETROSPOT CIGAR BOX MATCHES 
20992,JAZZ HEARTS PURSE NOTEBOOK
22804,CANDLEHOLDER PINK HANGING HEART
20749,ASSORTED COLOUR MINI CASES
22382,LUNCH BAG SPACEBOY DESIGN 
20726,LUNCH BAG WOODLAND
22384,LUNCH BAG PINK POLKADOT
22467,GUMBALL COAT RACK
21108,FAIRY CAKE FLANNEL ASSORTED COLOUR
22837,HOT WATER BOTTLE BABUSHKA 
22297,HEART IVORY TRELLIS SMALL
22772,PINK DRAWER KNOB ACRYLIC EDWARDIAN
22773,GREEN DRAWER KNOB ACRYLIC EDWARDIAN
85049C,ROMANTIC PINKS RIBBONS 
85049G,CHOCOLATE BOX RIBBONS 
84380,SET OF 3 BUTTERFLY COOKIE CUTTERS
84378,SET OF 3 HEART COOKIE CUTTERS
22964,3 PIECE SPACEBOY COOKIE CUTTER SET
21213,PACK OF 72 SKULL CAKE CASES
22417,PACK OF 60 SPACEBOY CAKE CASES
84992,72 SWEETHEART FAIRY CAKE CASES
22383,LUNCH BAG SUKI  DESIGN 
20728,LUNCH BAG CARS BLUE
20727,LUNCH BAG  BLACK SKULL.
22296,HEART IVORY TRELLIS LARGE
20914,SET/5 RED RETROSPOT LID GLASS BOWLS
22537,MAGIC DRAWING SLATE DINOSAUR
20982,12 PENCILS TALL TUBE SKULLS
21915,RED  HARMONICA IN BOX 
21914,BLUE HARMONICA IN BOX 
22813,PACK 3 BOXES BIRD PANNETONE 
84375,SET OF 20 KIDS COOKIE CUTTERS
22418,10 COLOUR SPACEBOY PEN
22178,VICTORIAN GLASS HANGING T-LIGHT
84970L,SINGLE HEART ZINC T-LIGHT HOLDER
22465,HANGING METAL STAR LANTERN
84949,SILVER HANGING T-LIGHT HOLDER
20685,DOORMAT RED RETROSPOT
48194,DOORMAT HEARTS
22488,NATURAL SLATE RECTANGLE CHALKBOARD
22219,LOVEBIRD HANGING DECORATION WHITE 
22610,PENS ASSORTED FUNNY FACE
22716,CARD CIRCUS PARADE
22371,AIRLINE BAG VINTAGE TOKYO 78
21210,SET OF 72 RETROSPOT PAPER  DOILIES
22553,PLASTERS IN TIN SKULLS
16237,SLEEPING CAT ERASERS
22714,CARD BIRTHDAY COWBOY
22812,PACK 3 BOXES CHRISTMAS PANNETONE
84347,ROTATING SILVER ANGELS T-LIGHT HLDR
22736,RIBBON REEL MAKING SNOWMEN 
22620,4 TRADITIONAL SPINNING TOPS
22975,SPACEBOY CHILDRENS EGG CUP
22972,CHILDREN'S SPACEBOY MUG
22568,FELTCRAFT CUSHION OWL
21955,DOORMAT UNION JACK GUNS AND ROSES
22109,FULL ENGLISH BREAKFAST PLATE
22531,MAGIC DRAWING SLATE CIRCUS PARADE  
21811,CHRISTMAS HANGING HEART WITH BELL
22075,6 RIBBONS ELEGANT CHRISTMAS 
21326,AGED GLASS SILVER T-LIGHT HOLDER
20713,JUMBO BAG OWLS
85099F,JUMBO BAG STRAWBERRY
20717,STRAWBERRY SHOPPER BAG
22328,ROUND SNACK BOXES SET OF 4 FRUITS 
22327,ROUND SNACK BOXES SET OF 4 SKULLS
22630,DOLLY GIRL LUNCH BOX
21244,BLUE POLKADOT PLATE 
21242,RED RETROSPOT PLATE 
21243,PINK  POLKADOT PLATE 
22273,FELTCRAFT DOLL MOLLY
22940,FELTCRAFT CHRISTMAS FAIRY
22759,SET OF 3 NOTEBOOKS IN PARCEL
22077,6 RIBBONS RUSTIC CHARM
22141,CHRISTMAS CRAFT TREE TOP ANGEL
22144,CHRISTMAS CRAFT LITTLE FRIENDS
22271,FELTCRAFT DOLL ROSIE
22274,FELTCRAFT DOLL EMILY
22751,FELTCRAFT PRINCESS OLIVIA DOLL
21034,REX CASH+CARRY JUMBO SHOPPER
22570,FELTCRAFT CUSHION RABBIT
22569,FELTCRAFT CUSHION BUTTERFLY
22179,SET 10 LIGHTS NIGHT OWL
85184C,S/4 VALENTINE DECOUPAGE HEART BOX
22988,SOLDIERS EGG CUP 
20750,RED RETROSPOT MINI CASES
22952,60 CAKE CASES VINTAGE CHRISTMAS
22739,RIBBON REEL CHRISTMAS SOCK BAUBLE
22738,RIBBON REEL SNOWY VILLAGE
22909,SET OF 20 VINTAGE CHRISTMAS NAPKINS
22580,ADVENT CALENDAR GINGHAM SACK
22147,FELTCRAFT BUTTERFLY HEARTS
22694,WICKER STAR 
21790,VINTAGE SNAP CARDS
22149,FELTCRAFT 6 FLOWER FRIENDS
22594,CHRISTMAS GINGHAM TREE
22593,CHRISTMAS GINGHAM STAR
22595,CHRISTMAS GINGHAM HEART
21986,PACK OF 12 PINK POLKADOT TISSUES
22750,FELTCRAFT PRINCESS LOLA DOLL
22616,PACK OF 12 LONDON TISSUES 
22775,PURPLE DRAWERKNOB ACRYLIC EDWARDIAN
22899,CHILDREN'S APRON DOLLY GIRL 
22367,CHILDRENS APRON SPACEBOY DESIGN
22942,CHRISTMAS LIGHTS 10 SANTAS 
21976,PACK OF 60 MUSHROOM CAKE CASES
22951,60 CAKE CASES DOLLY GIRL DESIGN
22834,HAND WARMER BABUSHKA DESIGN
21916,SET 12 RETRO WHITE CHALK STICKS
22557,PLASTERS IN TIN VINTAGE PAISLEY 
22551,PLASTERS IN TIN SPACEBOY
22554,PLASTERS IN TIN WOODLAND ANIMALS
22534,MAGIC DRAWING SLATE SPACEBOY 
22530,MAGIC DRAWING SLATE DOLLY GIRL 
84032B,CHARLIE + LOLA RED HOT WATER BOTTLE
21494,ROTATING LEAVES T-LIGHT HOLDER
22938,CUPCAKE LACE PAPER SET 6
21892,TRADITIONAL WOODEN CATCH CUP GAME 
21890,S/6 WOODEN SKITTLES IN COTTON BAG
21718,RED METAL BEACH SPADE 
21716,BOYS VINTAGE TIN SEASIDE BUCKET
21715,GIRLS VINTAGE TIN SEASIDE BUCKET
22113,GREY HEART HOT WATER BOTTLE
22115,METAL SIGN EMPIRE TEA
21481,FAWN BLUE HOT WATER BOTTLE
22585,PACK OF 6 BIRDY GIFT TAGS
22645,CERAMIC HEART FAIRY CAKE MONEY BANK
22508,DOORSTOP RETROSPOT HEART
21154,RED RETROSPOT OVEN GLOVE 
22059,CERAMIC STRAWBERRY DESIGN MUG
22142,CHRISTMAS CRAFT WHITE FAIRY 
21591,COSY HOUR CIGAR BOX MATCHES 
22294,HEART FILIGREE DOVE  SMALL
21156,RETROSPOT CHILDRENS APRON
84836,ZINC METAL HEART DECORATION
22670,FRENCH WC SIGN BLUE METAL
22927,GREEN GIANT GARDEN THERMOMETER
22925,BLUE GIANT GARDEN THERMOMETER
21259,VICTORIAN SEWING BOX SMALL 
21257,VICTORIAN SEWING BOX MEDIUM
21121,SET/10 RED POLKADOT PARTY CANDLES
82552,WASHROOM METAL SIGN
22737,RIBBON REEL CHRISTMAS PRESENT 
21260,FIRST AID TIN
22744,MAKE YOUR OWN MONSOON CARD KIT
21985,PACK OF 12 HEARTS DESIGN TISSUES 
22295,HEART FILIGREE DOVE LARGE
21992,VINTAGE PAISLEY STATIONERY SET
21124,SET/10 BLUE POLKADOT PARTY CANDLES
22945,CHRISTMAS METAL TAGS ASSORTED 
22573,STAR WOODEN CHRISTMAS DECORATION
22577,WOODEN HEART CHRISTMAS SCANDINAVIAN
22603,CHRISTMAS RETROSPOT TREE WOOD
22333,RETROSPOT PARTY BAG + STICKER SET
21584,RETROSPOT SMALL TUBE MATCHES
22956,36 FOIL HEART CAKE CASES
22082,RIBBON REEL STRIPES DESIGN 
21329,DINOSAURS  WRITING SET 
21327,SKULLS WRITING SET 
48173C,DOORMAT BLACK FLOCK 
21137,BLACK RECORD COVER FRAME
22041,"RECORD FRAME 7"" SINGLE SIZE "
20979,36 PENCILS TUBE RED RETROSPOT
20977,36 PENCILS TUBE WOODLAND
22571,ROCKING HORSE RED CHRISTMAS 
22423,REGENCY CAKESTAND 3 TIER
21621,VINTAGE UNION JACK BUNTING
22087,PAPER BUNTING WHITE LACE
22713,CARD I LOVE LONDON 
46000M,POLYESTER FILLER PAD 45x45cm
22712,CARD DOLLY GIRL 
22983,CARD BILLBOARD FONT
22024,RAINY LADIES BIRTHDAY CARD
22895,SET OF 2 TEA TOWELS APPLE AND PEARS
22784,LANTERN CREAM GAZEBO 
84947,ANTIQUE SILVER TEA GLASS ENGRAVED
22485,SET OF 2 WOODEN MARKET CRATES
22588,CARD HOLDER GINGHAM HEART
22151,PLACE SETTING WHITE HEART
22099,CARAVAN SQUARE TISSUE BOX
22906,12 MESSAGE CARDS WITH ENVELOPES
22754,SMALL RED BABUSHKA NOTEBOOK 
22919,HERB MARKER MINT
22917,HERB MARKER ROSEMARY
22920,HERB MARKER BASIL
22921,HERB MARKER CHIVES 
22918,HERB MARKER PARSLEY
22916,HERB MARKER THYME
21588,RETROSPOT GIANT TUBE MATCHES
22241,GARLAND WOODEN HAPPY EASTER
22904,CALENDAR PAPER CUT DESIGN
21930,JUMBO STORAGE BAG SKULLS
20754,RETROSPOT RED WASHING UP GLOVES
22501,PICNIC BASKET WICKER LARGE
22854,CREAM SWEETHEART EGG HOLDER
84997D,PINK 3 PIECE POLKADOT CUTLERY SET
47599A,PINK PARTY BAGS
20972,PINK CREAM FELT CRAFT TRINKET BOX 
21041,RED RETROSPOT OVEN GLOVE DOUBLE
22907,PACK OF 20 NAPKINS PANTRY DESIGN
22776,SWEETHEART CAKESTAND 3 TIER
21810,CHRISTMAS HANGING STAR WITH BELL
21098,CHRISTMAS TOILET ROLL
22943,CHRISTMAS LIGHTS 10 VINTAGE BAUBLES
22699,ROSES REGENCY TEACUP AND SAUCER 
22227,HANGING HEART MIRROR DECORATION 
22697,GREEN REGENCY TEACUP AND SAUCER
22548,HEADS AND TAILS SPORTING FUN
22429,ENAMEL MEASURING JUG CREAM
20974,12 PENCILS SMALL TUBE SKULL
20973,12 PENCIL SMALL TUBE WOODLAND
21135,VICTORIAN  METAL POSTCARD SPRING
22173,METAL 4 HOOK HANGER FRENCH CHATEAU
22626,BLACK KITCHEN SCALES
22625,RED KITCHEN SCALES
22624,IVORY KITCHEN SCALES
84945,MULTI COLOUR SILVER T-LIGHT HOLDER
20712,JUMBO BAG WOODLAND ANIMALS
22584,PACK OF 6 PANNETONE GIFT BOXES
22974,CHILDRENS DOLLY GIRL MUG
21452,TOADSTOOL MONEY BOX
22743,MAKE YOUR OWN FLOWERPOWER CARD KIT
22607,WOODEN ROUNDERS GARDEN SET 
22635,CHILDS BREAKFAST SET DOLLY GIRL 
22634,CHILDS BREAKFAST SET SPACEBOY 
22222,CAKE PLATE LOVEBIRD WHITE
22187,GREEN CHRISTMAS TREE CARD HOLDER
22627,MINT KITCHEN SCALES
22487,WHITE WOOD GARDEN PLANT LADDER
22360,GLASS JAR ENGLISH CONFECTIONERY
22120,WELCOME  WOODEN BLOCK LETTERS
22097,SWALLOW SQUARE TISSUE BOX
21179,NO JUNK MAIL METAL SIGN
22185,SLATE TILE NATURAL HANGING
21658,GLASS  BEURRE DISH
21519,GIN & TONIC DIET GREETING CARD 
22819,"BIRTHDAY CARD, RETRO SPOT"
22704,WRAP RED APPLES 
21498,RED RETROSPOT WRAP 
21497,FANCY FONTS BIRTHDAY WRAP
84692,BOX OF 24 COCKTAIL PARASOLS
22556,PLASTERS IN TIN CIRCUS PARADE 
22555,PLASTERS IN TIN STRONGMAN
22561,WOODEN SCHOOL COLOURING SET
22489,PACK OF 12 TRADITIONAL CRAYONS
21982,PACK OF 12 SUKI TISSUES 
21981,PACK OF 12 WOODLAND TISSUES 
21967,PACK OF 12 SKULL TISSUES
21983,PACK OF 12 BLUE PAISLEY TISSUES 
22614,PACK OF 12 SPACEBOY TISSUES
22094,RED RETROSPOT TISSUE BOX
21984,PACK OF 12 PINK PAISLEY TISSUES 
22966,GINGERBREAD MAN COOKIE CUTTER
21874,GIN AND TONIC MUG
21870,I CAN ONLY PLEASE ONE PERSON MUG
84050,PINK HEART SHAPE EGG FRYING PAN
22667,RECIPE BOX RETROSPOT 
22666,RECIPE BOX PANTRY YELLOW DESIGN
22665,RECIPE BOX BLUE SKETCHBOOK DESIGN
22567,20 DOLLY PEGS RETROSPOT
82600,NO SINGING METAL SIGN
22842,BISCUIT TIN VINTAGE RED
21843,RED RETROSPOT CAKE STAND
22800,ANTIQUE TALL SWIRLGLASS TRINKET POT
22801,ANTIQUE GLASS PEDESTAL BOWL
22781,GUMBALL MAGAZINE RACK
21524,DOORMAT SPOTTY HOME SWEET HOME
22791,T-LIGHT GLASS FLUTED ANTIQUE
22088,PAPER BUNTING COLOURED LACE
22601,CHRISTMAS RETROSPOT ANGEL WOOD
22600,CHRISTMAS RETROSPOT STAR WOOD
22574,HEART WOODEN CHRISTMAS DECORATION
85199S,SMALL HANGING IVORY/RED WOOD BIRD
72741,GRAND CHOCOLATECANDLE
22171,3 HOOK PHOTO SHELF ANTIQUE WHITE
48184,DOORMAT ENGLISH ROSE 
48138,DOORMAT UNION FLAG
21429,RED GINGHAM ROSE JEWELLERY BOX
22355,CHARLOTTE BAG SUKI DESIGN
22493,PAINT YOUR OWN CANVAS SET
C2,CARRIAGE
21928,JUMBO BAG SCANDINAVIAN PAISLEY
20711,JUMBO BAG TOYS 
21917,SET 12 KIDS  WHITE CHALK STICKS
21922,UNION STRIPE WITH FRINGE  HAMMOCK
35961,FOLKART ZINC HEART CHRISTMAS DEC
21495,SKULLS AND CROSSBONES WRAP
46000S,POLYESTER FILLER PAD 40x40cm
21935,SUKI  SHOULDER BAG
21670,BLUE SPOT CERAMIC DRAWER KNOB
22212,FOUR HOOK  WHITE LOVEBIRDS
22755,SMALL PURPLE BABUSHKA NOTEBOOK 
22753,SMALL YELLOW BABUSHKA NOTEBOOK 
22794,SWEETHEART WIRE MAGAZINE RACK
22795,SWEETHEART RECIPE BOOK STAND
51014A,"FEATHER PEN,HOT PINK"
22366,DOORMAT AIRMAIL 
48111,DOORMAT 3 SMILEY CATS
22847,BREAD BIN DINER STYLE IVORY
22846,BREAD BIN DINER STYLE RED 
22402,MAGNETS PACK OF 4 VINTAGE COLLAGE
22400,MAGNETS PACK OF 4 HOME SWEET HOME
37446,MINI CAKE STAND WITH HANGING CAKES
37449,CERAMIC CAKE STAND + HANGING CAKES
21231,SWEETHEART CERAMIC TRINKET BOX
21181,PLEASE ONE PERSON METAL SIGN
21818,GLITTER CHRISTMAS HEART 
21668,RED STRIPE CERAMIC DRAWER KNOB
22639,SET OF 4 NAPKIN CHARMS HEARTS
22579,WOODEN TREE CHRISTMAS SCANDINAVIAN
22572,ROCKING HORSE GREEN CHRISTMAS 
22576,SWALLOW WOODEN CHRISTMAS DECORATION
M,Manual
22816,CARD MOTORBIKE SANTA
22818,CARD CHRISTMAS VILLAGE
22696,WICKER WREATH LARGE
22065,CHRISTMAS PUDDING TRINKET POT 
85048,15CM CHRISTMAS GLASS BALL 20 LIGHTS
22578,WOODEN STAR CHRISTMAS SCANDINAVIAN
22855,FINE WICKER HEART 
15056P,EDWARDIAN PARASOL PINK
20971,PINK BLUE FELT CRAFT TRINKET BOX
22965,3 TRADITIONAL COOKIE CUTTERS  SET
22972,CHILDRENS SPACEBOY MUG
21509,COWBOYS AND INDIANS BIRTHDAY CARD 
22725,ALARM CLOCK BAKELIKE CHOCOLATE
37448,CERAMIC CAKE DESIGN SPOTTED MUG
17003,BROCADE RING PURSE 
84997A,GREEN 3 PIECE POLKADOT CUTLERY SET
21136,PAINTED METAL PEARS ASSORTED
71477,COLOUR GLASS. STAR T-LIGHT HOLDER
22030,SWALLOWS GREETING CARD
21888,BINGO SET
21238,RED RETROSPOT CUP
20978,36 PENCILS TUBE SKULLS
21620,SET OF 4 ROSE BOTANICAL CANDLES
21877,HOME SWEET HOME MUG
21704,BAG 250g SWIRLY MARBLES
21703,BAG 125g SWIRLY MARBLES
20682,RED RETROSPOT CHILDRENS UMBRELLA
21380,WOODEN HAPPY BIRTHDAY GARLAND
22617,BAKING SET SPACEBOY DESIGN
22792,FLUTED ANTIQUE CANDLE HOLDER
21172,PARTY METAL SIGN 
72760B,VINTAGE CREAM 3 BASKET CAKE STAND
22602,CHRISTMAS RETROSPOT HEART WOOD
22365,DOORMAT RESPECTABLE HOUSE
22507,MEMO BOARD RETROSPOT  DESIGN
21918,SET 12 KIDS COLOUR  CHALK STICKS
22029,SPACEBOY BIRTHDAY CARD
22037,ROBOT BIRTHDAY CARD
84077,WORLD WAR 2 GLIDERS ASSTD DESIGNS
22898,CHILDRENS APRON APPLES DESIGN
84792,ENCHANTED BIRD COATHANGER 5 HOOK
85175,CACTI T-LIGHT CANDLES
20975,12 PENCILS SMALL TUBE RED RETROSPOT
22440,BALLOON WATER BOMB PACK OF 35
22564,ALPHABET STENCIL CRAFT
22965,3 TRADITIONAl BISCUIT CUTTERS  SET
22536,MAGIC DRAWING SLATE PURDEY
22491,PACK OF 12 COLOURED PENCILS
22027,TEA PARTY BIRTHDAY CARD
22028,PENNY FARTHING BIRTHDAY CARD
21669,BLUE STRIPE CERAMIC DRAWER KNOB
21671,RED SPOT CERAMIC DRAWER KNOB
21673,WHITE SPOT BLUE CERAMIC DRAWER KNOB
22460,EMBOSSED GLASS TEALIGHT HOLDER
22432,WATERING CAN PINK BUNNY
22433,WATERING CAN GREEN DINOSAUR
22431,WATERING CAN BLUE ELEPHANT
22419,LIPSTICK PEN RED
22676,FRENCH BLUE METAL DOOR SIGN 1
22672,FRENCH BATHROOM SIGN BLUE METAL
22776,"CAKESTAND, 3 TIER, LOVEHEART"
21217,RED RETROSPOT ROUND CAKE TINS
22301,COFFEE MUG CAT + BIRD DESIGN
20674,GREEN POLKADOT BOWL
20676,RED RETROSPOT BOWL
82582,AREA PATROLLED METAL SIGN
22170,PICTURE FRAME WOOD TRIPLE PORTRAIT
21428,SET3 BOOK BOX GREEN GINGHAM FLOWER 
21868,POTTING SHED TEA MUG
22840,ROUND CAKE TIN VINTAGE RED
22796,PHOTO FRAME 3 CLASSIC HANGING
22733,3D TRADITIONAL CHRISTMAS STICKERS
22560,TRADITIONAL MODELLING CLAY
22896,PEG BAG APPLES DESIGN
21430,SET/3 RED GINGHAM ROSE STORAGE BOX
21313,GLASS HEART T-LIGHT HOLDER 
47566B,TEA TIME PARTY BUNTING
22499,WOODEN UNION JACK BUNTING
22090,PAPER BUNTING RETROSPOT
21216,"SET 3 RETROSPOT TEA,COFFEE,SUGAR"
20983,12 PENCILS TALL TUBE RED RETROSPOT
21527,RED RETROSPOT TRADITIONAL TEAPOT 
22131,FOOD CONTAINER SET 3 LOVE HEART 
21158,MOODY GIRL DOOR HANGER 
21390,FILIGRIS HEART WITH BUTTERFLY
22335,HEART DECORATION PAINTED ZINC 
21381,MINI WOODEN HAPPY BIRTHDAY GARLAND
47590B,PINK HAPPY BIRTHDAY BUNTING
47590A,BLUE HAPPY BIRTHDAY BUNTING
22210,WOOD STAMP SET BEST WISHES
22208,WOOD STAMP SET THANK YOU
22822,CREAM WALL PLANTER HEART SHAPED
22385,JUMBO BAG SPACEBOY DESIGN
20969,RED FLORAL FELTCRAFT SHOULDER BAG
20970,PINK FLORAL FELTCRAFT SHOULDER BAG
22374,AIRLINE BAG VINTAGE JET SET RED
21385,IVORY HANGING DECORATION  HEART
47591D,PINK FAIRY CAKE CHILDRENS APRON
21563,RED HEART SHAPE LOVE BUCKET 
85227,SET OF 6 3D KIT CARDS FOR KIDS
22669,RED BABY BUNTING 
21561,DINOSAUR LUNCH BOX WITH CUTLERY
21218,RED SPOTTY BISCUIT TIN
85132C,CHARLIE AND LOLA FIGURES TINS
20675,BLUE POLKADOT BOWL
21239,PINK  POLKADOT CUP
21987,PACK OF 6 SKULL PAPER CUPS
21988,PACK OF 6 SKULL PAPER PLATES
21989,PACK OF 20 SKULL PAPER NAPKINS
22332,SKULLS PARTY BAG + STICKER SET
22437,SET OF 9 BLACK SKULL BALLOONS
20677,PINK POLKADOT BOWL
22841,ROUND CAKE TIN VINTAGE GREEN
22505,MEMO BOARD COTTAGE DESIGN
21974,SET OF 36 PAISLEY FLOWER DOILIES
22045,SPACEBOY GIFT WRAP
22746,POPPY'S PLAYHOUSE LIVINGROOM 
22986,GINGHAM ROSE WRAP
20984,12 PENCILS TALL TUBE POSY
22436,12 COLOURED PARTY BALLOONS
20828,GLITTER BUTTERFLY CLIPS
21623,VINTAGE UNION JACK MEMOBOARD
84946,ANTIQUE SILVER TEA GLASS ETCHED
22169,FAMILY ALBUM WHITE PICTURE FRAME
16156S,WRAP PINK FAIRY CAKES 
22426,ENAMEL WASH BOWL CREAM
21899,"KEY FOB , GARAGE DESIGN"
21902,"KEY FOB , FRONT  DOOR "
21901,"KEY FOB , BACK DOOR "
20981,12 PENCILS TALL TUBE WOODLAND
21745,GAOLERS KEYS DECORATIVE GARDEN 
21155,RED RETROSPOT PEG BAG
20724,RED RETROSPOT CHARLOTTE BAG
22084,PAPER CHAIN KIT EMPIRE
22356,CHARLOTTE BAG PINK POLKADOT
22380,TOY TIDY SPACEBOY  
21500,PINK POLKADOT WRAP 
15036,ASSORTED COLOURS SILK FAN
20718,RED RETROSPOT SHOPPER BAG
21539,RED RETROSPOT BUTTER DISH
21508,VINTAGE KID DOLLY CARD 
21507,"ELEPHANT, BIRTHDAY CARD, "
21499,BLUE POLKADOT WRAP
20719,WOODLAND CHARLOTTE BAG
71459,HANGING JAM JAR T-LIGHT HOLDER
22562,MONSTERS STENCIL CRAFT
21714,CITRONELLA CANDLE GARDEN POT
21990,MODERN FLORAL STATIONERY SET
20751,FUNKY WASHING UP GLOVES ASSORTED
21993,FLORAL FOLK STATIONERY SET
22636,CHILDS BREAKFAST SET CIRCUS PARADE
82551,LAUNDRY 15C METAL SIGN
21908,CHOCOLATE THIS WAY METAL SIGN
82583,HOT BATHS METAL SIGN
21174,POTTERING IN THE SHED METAL SIGN
21900,"KEY FOB , SHED"
22089,PAPER BUNTING VINTAGE PAISLEY
22430,ENAMEL WATERING CAN CREAM
22425,ENAMEL COLANDER CREAM
21240,BLUE POLKADOT CUP
85066,CREAM SWEETHEART MINI CHEST
22061,LARGE CAKE STAND  HANGING STRAWBERY
21531,RED RETROSPOT SUGAR JAM BOWL
47559B,TEA TIME OVEN GLOVE
22649,STRAWBERRY FAIRY CAKE TEAPOT
16161P,WRAP ENGLISH ROSE 
22890,NOVELTY BISCUITS CAKE STAND 3 TIER
21114,LAVENDER SCENTED FABRIC HEART
22605,WOODEN CROQUET GARDEN SET
22161,HEART DECORATION RUSTIC HANGING 
22747,POPPY'S PLAYHOUSE BATHROOM
22621,TRADITIONAL KNITTING NANCY
22845,VINTAGE CREAM CAT FOOD CONTAINER
22078,RIBBON REEL LACE DESIGN 
21878,PACK OF 6 SANDCASTLE FLAGS ASSORTED
22158,3 HEARTS HANGING DECORATION RUSTIC
22300,COFFEE MUG DOG + BALL DESIGN
22758,LARGE PURPLE BABUSHKA NOTEBOOK  
84987,SET OF 36 TEATIME PAPER DOILIES
22550,HOLIDAY FUN LUDO
21078,SET/20 STRAWBERRY PAPER NAPKINS 
22732,3D VINTAGE CHRISTMAS STICKERS 
47504K,ENGLISH ROSE GARDEN SECATEURS
21932,SCANDINAVIAN PAISLEY PICNIC BAG
21933,PINK VINTAGE PAISLEY PICNIC BAG
22072,RED RETROSPOT TEA CUP AND SAUCER 
84536A,ENGLISH ROSE NOTEBOOK A7 SIZE
21164,HOME SWEET HOME METAL SIGN 
47566,PARTY BUNTING
22844,VINTAGE CREAM DOG FOOD CONTAINER
22456,NATURAL SLATE CHALKBOARD LARGE 
22892,SET OF SALT AND PEPPER TOADSTOOLS
22080,RIBBON REEL POLKADOTS 
21165,BEWARE OF THE CAT METAL SIGN 
22331,WOODLAND PARTY BAG + STICKER SET
21558,SKULL LUNCH BOX WITH CUTLERY 
22398,MAGNETS PACK OF 4 SWALLOWS
84580,MOUSE TOY WITH PINK T-SHIRT
21936,RED RETROSPOT PICNIC BAG
21937,STRAWBERRY   PICNIC BAG
22361,GLASS JAR DAISY FRESH COTTON WOOL
85034C,3 ROSE MORRIS BOXED CANDLES
22348,TEA BAG PLATE RED RETROSPOT
20829,GLITTER HANGING BUTTERFLY STRING
84988,SET OF 72 PINK HEART PAPER DOILIES
21876,POTTERING MUG
22156,HEART DECORATION WITH PEARLS 
22079,RIBBON REEL HEARTS DESIGN 
22563,HAPPY STENCIL CRAFT
21787,RAIN PONCHO RETROSPOT
21829,DINOSAUR KEYRINGS ASSORTED
22483,RED GINGHAM TEDDY BEAR 
84596G,SMALL CHOCOLATES PINK BOWL
22897,OVEN MITT APPLES DESIGN
35471D,SET OF 3 BIRD LIGHT PINK FEATHER 
84978,HANGING HEART JAR T-LIGHT HOLDER
22175,PINK OWL SOFT TOY
72351A,SET/6 TURQUOISE BUTTERFLY T-LIGHTS
22439,6 ROCKET BALLOONS 
22674,FRENCH TOILET SIGN BLUE METAL
22859,EASTER TIN BUNNY BOUQUET
22093,MOTORING TISSUE BOX
22091,EMPIRE TISSUE BOX
21903,MAN FLU METAL SIGN
21819,GLITTER CHRISTMAS STAR 
22817,CARD SUKI BIRTHDAY
16161U,WRAP SUKI AND FRIENDS
84596F,SMALL MARSHMALLOWS PINK BOWL
85062,PEARL CRYSTAL PUMPKIN T-LIGHT HLDR
22847,"BREAD BIN, DINER STYLE, IVORY"
22984,CARD GINGHAM ROSE 
22690,DOORMAT HOME SWEET HOME BLUE 
21713,CITRONELLA CANDLE FLOWERPOT
22952,72 CAKE CASES VINTAGE CHRISTMAS
22606,WOODEN SKITTLES GARDEN SET
48188,DOORMAT WELCOME PUPPIES
21162,TOXIC AREA  DOOR HANGER 
84596B,SMALL DOLLY MIX DESIGN ORANGE BOWL
22329,ROUND CONTAINER SET OF 5 RETROSPOT
72351B,SET/6 PINK  BUTTERFLY T-LIGHTS
21746,SMALL RED RETROSPOT WINDMILL
22693,GROW A FLYTRAP OR SUNFLOWER IN TIN
22908,PACK OF 20 NAPKINS RED APPLES
21534,DAIRY MAID LARGE MILK JUG
22211,WOOD STAMP SET FLOWERS
22930,BAKING MOULD HEART MILK CHOCOLATE
22937,BAKING MOULD CHOCOLATE CUPCAKES
22789,T-LIGHT HOLDER SWEETHEART HANGING
20996,JAZZ HEARTS ADDRESS BOOK
48116,DOORMAT MULTICOLOUR STRIPE
22937,BAKING MOULD CHOCOLATE CUP CAKES
22698,PINK REGENCY TEACUP AND SAUCER
85053,FRENCH ENAMEL CANDLEHOLDER
22741,FUNKY DIVA PEN
21535,RED RETROSPOT SMALL MILK JUG
22734,SET OF 6 RIBBONS VINTAGE CHRISTMAS
22692,DOORMAT WELCOME TO OUR HOME
22055,MINI CAKE STAND  HANGING STRAWBERY
85040A,S/4 PINK FLOWER CANDLES IN BOWL
22675,FRENCH KITCHEN SIGN BLUE METAL
22723,SET OF 6 HERB TINS SKETCHBOOK
22722,SET OF 6 SPICE TINS PANTRY DESIGN
22720,SET OF 3 CAKE TINS PANTRY DESIGN 
22937,BAKING MOULD CUPCAKE CHOCOLATE
22721,SET OF 3 CAKE TINS SKETCHBOOK
22522,CHILDS GARDEN FORK BLUE 
47503A,ASS FLORAL PRINT MULTI SCREWDRIVER
22963,JAM JAR WITH BLUE LID
22302,COFFEE MUG PEARS  DESIGN
22970,LONDON BUS COFFEE MUG
22303,COFFEE MUG APPLES DESIGN
22971,QUEENS GUARD COFFEE MUG
22668,PINK BABY BUNTING
22837,HOT WATER BOTTLE BABUSHKA LARGE
22066,LOVE HEART TRINKET POT
22138,BAKING SET 9 PIECE RETROSPOT 
22148,EASTER CRAFT 4 CHICKS 
23231,WRAP DOILEY DESIGN
23230,WRAP ALPHABET DESIGN
22967,SET 3 SONG BIRD PAPER EGGS ASSORTED
22957,SET 3 PAPER VINTAGE CHICK PAPER EGG
22896,PEG BAG APPLE DESIGN
20914,SET/5 RED SPOTTY LID GLASS BOWLS
20725,LUNCH BAG RED SPOTTY
23233,WRAP POPPIES  DESIGN
23232,WRAP VINTAGE PETALS  DESIGN
23166,MEDIUM CERAMIC TOP STORAGE JAR
21818,GLITTER HEART DECORATION
22595,GINGHAM HEART DECORATION
22989,SET 2 PANTRY DESIGN TEA TOWELS
22990,COTTON APRON PANTRY DESIGN
22602,RETROSPOT WOODEN HEART DECORATION
22980,PANTRY SCRUBBING BRUSH
21811,HANGING HEART WITH BELL
22993,SET OF 4 PANTRY JELLY MOULDS
23006,TRAVEL CARD WALLET FLOWER MEADOW
23004,TRAVEL CARD WALLET PANTRY
23002,TRAVEL CARD WALLET SKULLS
23000,TRAVEL CARD WALLET TRANSPORT
22994,TRAVEL CARD WALLET RETROSPOT
22998,TRAVEL CARD WALLET KEEP CALM
22991,GIRAFFE WOODEN RULER
22992,REVOLVER WOODEN RULER 
22999,TRAVEL CARD WALLET RETRO PETALS
22995,TRAVEL CARD WALLET SUKI
22996,TRAVEL CARD WALLET VINTAGE TICKET
22978,PANTRY ROLLING PIN
22997,TRAVEL CARD WALLET UNION JACK
23005,TRAVEL CARD WALLET I LOVE LONDON
84997C,CHILDRENS CUTLERY POLKADOT BLUE
84997D,CHILDRENS CUTLERY POLKADOT PINK
22383,LUNCH BAG SUKI DESIGN 
84997B,CHILDRENS CUTLERY RETROSPOT RED 
84997A,CHILDRENS CUTLERY POLKADOT GREEN 
21928,JUMBO BAG SCANDINAVIAN BLUE PAISLEY
23182,TOILET SIGN OCCUPIED OR VACANT
22979,PANTRY WASHING UP BRUSH
23177,TREASURE ISLAND BOOK BOX
23193,BUFFALO BILL TREASURE BOOK BOX
23194,GYMKHANNA TREASURE BOOK BOX
23176,ABC TREASURE BOOK BOX 
22982,PANTRY PASTRY BRUSH
23126,DOLLCRAFT GIRL AMELIE KIT
23127,DOLLCRAFT GIRL NICOLE
23127,FELTCRAFT GIRL NICOLE KIT
23128,FELTCRAFT BOY JEAN-PAUL KIT
23126,FELTCRAFT GIRL AMELIE KIT
23194,GYMKHANA TREASURE BOOK BOX
23049,RECYCLED ACAPULCO MAT RED
23053,RECYCLED ACAPULCO MAT PINK
23050,RECYCLED ACAPULCO MAT GREEN
23052,RECYCLED ACAPULCO MAT TURQUOISE
23051,RECYCLED ACAPULCO MAT BLUE
23128,DOLLCRAFT BOY JEAN-PAUL 
23184,BULL DOG BOTTLE OPENER
23126,DOLLCRAFT GIRL AMELIE
23007, SPACEBOY BABY GIFT SET
84946,ANTIQUE SILVER T-LIGHT GLASS
23077,DOUGHNUT LIP GLOSS 
23076,ICE CREAM SUNDAE LIP GLOSS
23078,ICE CREAM PEN LIP GLOSS 
21770,OPEN CLOSED METAL SIGN
23159,SET OF 5 PANCAKE DAY MAGNETS
23154,SET OF 4 JAM JAR MAGNETS
23156,SET OF 5 MINI GROCERY MAGNETS
23158,SET OF 5 LUCKY CAT MAGNETS 
23157,SET OF 6 NATIVITY MAGNETS 
23254,CHILDRENS CUTLERY DOLLY GIRL 
23256,CHILDRENS CUTLERY SPACEBOY 
23255,CHILDRENS CUTLERY CIRCUS PARADE
23205,CHARLOTTE BAG VINTAGE ALPHABET 
23201,JUMBO BAG ALPHABET
23207,LUNCH BAG ALPHABET DESIGN
23199,JUMBO BAG APPLES
23206,LUNCH BAG APPLE DESIGN
23204,CHARLOTTE BAG APPLES DESIGN
23205,CHARLOTTE BAG ALPHABET  DESIGN
23256,KIDS CUTLERY SPACEBOY 
23254,KIDS CUTLERY DOLLY GIRL 
23208,LUNCH BAG VINTAGE LEAF DESIGN
23068,ALUMINIUM STAMPED HEART
23146,TRIPLE HOOK ANTIQUE IVORY ROSE
23132,SMALL IVORY HEART WALL ORGANISER
23152,IVORY SWEETHEART WIRE LETTER RACK 
23133,LARGE IVORY HEART WALL ORGANISER
23147,SINGLE ANTIQUE ROSE HOOK IVORY
23148,MINIATURE ANTIQUE ROSE HOOK IVORY
23144,ZINC T-LIGHT HOLDER STARS SMALL
23145,ZINC T-LIGHT HOLDER STAR LARGE
23163,REGENCY SUGAR TONGS
23284,DOORMAT KEEP CALM AND COME IN
23283,DOORMAT VINTAGE LEAVES DESIGN 
23162,REGENCY TEA STRAINER
23130,MISTLETOE HEART WREATH GREEN
23148,MINITURE ANTIQUE ROSE HOOK IVORY
23298,SPOTTY BUNTING
23298,"BUNTING , SPOTTY "
23209,LUNCH BAG DOILEY PATTERN 
23200,JUMBO BAG PEARS
23203,JUMBO BAG DOILEY PATTERNS
23202,JUMBO BAG VINTAGE LEAF
23280,FOLDING BUTTERFLY MIRROR HOT PINK 
23190,BUNDLE OF 3 SCHOOL EXERCISE BOOKS  
23191,BUNDLE OF 3 RETRO NOTE BOOKS
23191,BUNDLE OF 3 RETRO EXERCISE BOOKS
23175,REGENCY MILK JUG PINK 
23174,REGENCY SUGAR BOWL GREEN
23173,REGENCY TEAPOT ROSES 
23172,REGENCY TEA PLATE PINK
23171,REGENCY TEA PLATE GREEN 
23170,REGENCY TEA PLATE ROSES 
23084,RABBIT NIGHT LIGHT
23118,PARISIENNE JEWELLERY DRAWER 
23091,ZINC HERB GARDEN CONTAINER
23108,SET OF 10 LED DOLLY LIGHTS
23080,RED METAL BOX TOP SECRET
23110,PARISIENNE KEY CABINET 
23192,BUNDLE OF 3 ALPHABET EXERCISE BOOKS
23100,SILVER BELLS TABLE DECORATION
23102,SILVER HEARTS TABLE DECORATION
23082,SET 6 PAPER TABLE LANTERN HEARTS 
23093,SMALL PARISIENNE HEART PHOTO FRAME 
23280,FOLDING MIRROR HOT PINK 
23109,LED TEA LIGHTS
23103,BELL HEART DECORATION
23068,ALUMINIUM HEART
23112,PARISIENNE CURIO CABINET
23111,PARISIENNE SEWING BOX
23167,SMALL CERAMIC TOP STORAGE JAR 
23168,CLASSIC SUGAR DISPENSER
23130,MISELTOE HEART WREATH 
23169,CLASSIC GLASS SWEET JAR
23165,LARGE CERAMIC TOP STORAGE JAR
23101,SILVER STARS TABLE DECORATION
23089,GLASS BON BON JAR
23169,CLASSIC GLASS COOKIE JAR
23168,CLASSIC CAFE SUGAR DISPENSER
23103,JINGLE BELL HEART DECORATION
23091,METAL HERB GERDEN CONTAINER
23301,GARDENERS KNEELING PAD KEEP CALM 
23300,GARDENERS KNEELING PAD CUP OF TEA 
23302,KNEELING MAT HOUSEWORK  DESIGN
23090,VINTAGE GLASS T-LIGHT HOLDER
23083,SET 6 PAPER TABLE LANTERN STARS 
23092,LARGE ANTIQUE WHITE PHOTO FRAME
22179,SET 10 NIGHT OWL LIGHTS
23129,HEART SHAPED HOLLY WREATH
23145,ZINC T-LIGHT HOLDER STARS LARGE
23215,JINGLE BELL HEART ANTIQUE SILVER
23210,WHITE ROCKING HORSE HAND PAINTED
23213,STAR WREATH DECORATION WITH BELL
23212,HEART WREATH DECORATION WITH BELL
22900,SET 2 TEA TOWELS I LOVE LONDON 
23275,SET OF 3 HANGING OWLS OLLIE BEAK
23263,SET OF 3 WOODEN HEART DECORATIONS
23309,SET OF 60 I LOVE LONDON CAKE CASES 
23307,SET OF 60 PANTRY DESIGN CAKE CASES 
23306,SET OF 36 DOILIES PANTRY DESIGN
23308,SET OF 60 VINTAGE LEAF CAKE CASES 
85184C,SET 4 VALENTINE DECOUPAGE HEART BOX
22986,WRAP GINGHAM ROSE 
23240,SET OF 4 KNICK KNACK TINS DOILEY 
23238,SET OF 4 KNICK KNACK TINS LONDON 
23243,SET OF TEA COFFEE SUGAR TINS PANTRY
23245,SET OF 3 REGENCY CAKE TINS
23239,SET OF 4 KNICK KNACK TINS POPPIES
23236,DOILEY STORAGE TIN
23241,TREASURE TIN GYMKHANA DESIGN
23242,TREASURE TIN BUFFALO BILL 
23247,BISCUIT TIN 50'S CHRISTMAS
23237,SET OF 4 KNICK KNACK TINS LEAVES 
22950,36 DOILIES VINTAGE CHRISTMAS
23321,SMALL WHITE HEART OF WICKER
23236,DOILEY BISCUIT TIN
23310,BUBBLEGUM RING ASSORTED
22502,PICNIC BASKET WICKER 60 PIECES
35970,ZINC FOLKART SLEIGH BELLS
23266,SET OF 3 WOODEN STOCKING DECORATION
23265,SET OF 3 WOODEN TREE DECORATIONS
23264,SET OF 3 WOODEN SLEIGH DECORATIONS
23252,VINTAGE RED ENAMEL TRIM JUG 
23322,LARGE WHITE HEART OF WICKER
22197,POPCORN HOLDER
23286,BLUE VINTAGE SPOT BEAKER
23285,PINK VINTAGE SPOT BEAKER
23288,GREEN VINTAGE SPOT BEAKER
23343,JUMBO BAG VINTAGE CHRISTMAS 
22596,CHRISTMAS STAR WISH LIST CHALKBOARD
23292,SPACE BOY CHILDRENS CUP
23291,DOLLY GIRL CHILDRENS CUP
23289,DOLLY GIRL CHILDRENS BOWL
23290,SPACEBOY CHILDRENS BOWL
23287,RED VINTAGE SPOT BEAKER
23188,VINTAGE  2 METER FOLDING RULER
23229,VINTAGE DONKEY TAIL GAME 
23234,BISCUIT TIN VINTAGE CHRISTMAS
23012,GLASS APOTHECARY BOTTLE PERFUME
23014,GLASS APOTHECARY BOTTLE ELIXIR
23035,DRAWER KNOB CERAMIC IVORY
23032,DRAWER KNOB CRACKLE GLAZE IVORY
23031,DRAWER KNOB CRACKLE GLAZE PINK
23029,DRAWER KNOB CRACKLE GLAZE GREEN
23013,GLASS APOTHECARY BOTTLE TONIC
23229,DONKEY TAIL GAME 
23344,JUMBO BAG 50'S CHRISTMAS 
23032,DOORKNOB CRACKED GLAZE IVORY
23292,SPACEBOY CHILDRENS CUP
23232,WRAP VINTAGE LEAF DESIGN
23198,PANTRY MAGNETIC  SHOPPING LIST
23197,SKETCHBOOK MAGNETIC SHOPPING LIST
23196,RETRO LEAVES MAGNETIC NOTEPAD
23323,WHITE WICKER STAR 
23342,MINT DINER WALL CLOCK
23196,RETO LEAVES MAGNETIC SHOPPING LIST
23197,VEGETABLE MAGNETIC  SHOPPING LIST
23031,DOORKNOB CRACKED GLAZE PINK
23029,DOORKNOB CRACKED GLAZE GREEN
22999,TRAVEL CARD WALLET VINTAGE LEAF
23196,LEAVES MAGNETIC  SHOPPING LIST
21899,GARAGE KEY FOB
23237,SET OF 4 KNICK KNACK TINS LEAF
23320,GIANT 50'S CHRISTMAS CRACKER
23196,VINTAGE LEAF MAGNETIC NOTEPAD
23318,BOX OF 6 MINI VINTAGE CRACKERS
23319,BOX OF 6 MINI 50'S CRACKERS
23283,DOORMAT VINTAGE LEAF
23313,VINTAGE CHRISTMAS BUNTING
23296,SET OF 6 TEA TIME BAKING CASES
23294,SET OF 6 SNACK LOAF BAKING CASES
23293,SET OF 12 FAIRY CAKE BAKING CASES
23295,SET OF 12 MINI LOAF BAKING CASES
23297,SET 40 HEART SHAPE PETIT FOUR CASES
23252,ENAMEL JUG PANTRY
23311,VINTAGE CHRISTMAS STOCKING 
23109,PACK OF SIX LED TEA LIGHTS
23312,VINTAGE CHRISTMAS GIFT SACK
22959,WRAP CHRISTMAS VILLAGE
16169E,WRAP 50'S  CHRISTMAS
23345, DOLLY GIRL BEAKER
23346,SPACEBOY BEAKER
23035,DOORKNOB CERAMIC IVORY
23340,VINTAGE CHRISTMAS CAKE FRILL
23353,6 GIFT TAGS VINTAGE CHRISTMAS 
23354,6 GIFT TAGS 50'S CHRISTMAS 
23349,ROLL WRAP VINTAGE CHRISTMAS
23350,ROLL WRAP VINTAGE SPOT 
23352,ROLL WRAP 50'S RED CHRISTMAS 
23351,ROLL WRAP 50'S CHRISTMAS
23203,JUMBO BAG VINTAGE DOILEY 
23231,WRAP  VINTAGE DOILEY 
23240,SET OF 4 KNICK KNACK TINS DOILY 
23203,JUMBO BAG VINTAGE DOILY 
23209,LUNCH BAG VINTAGE DOILY 
23236,STORAGE TIN VINTAGE DOILY 
23332,IVORY WICKER HEART LARGE
23329,DECORATIVE WICKER HEART LARGE
23330,DECORATIVE WICKER HEART MEDIUM
23333,IVORY WICKER HEART MEDIUM
23209,LUNCH BAG VINTAGE DOILEY 
23231,WRAP  VINTAGE DOILY 
23236,STORAGE TIN VINTAGE DOILEY 
23240,SET OF 4 KNICK KNACK TINS  DOILEY 
23328,SET 6 SCHOOL MILK BOTTLES IN CRATE
23356,LOVE HOT WATER BOTTLE
23355,HOT WATER BOTTLE KEEP CALM
23439,HAND WARMER RED LOVE HEART
23348,CHILDRENS TOY COOKING UTENSIL SET
82486,3 DRAWER ANTIQUE WHITE WOOD CABINET
21507,ELEPHANT BIRTHDAY CARD 
71459,HANGING JAM JAR T-LIGHT HOLDERS
22776,SWEETHEART 3 TIER CAKE STAND 
23378,PACK OF 12 50'S CHRISTMAS TISSUES
23342,MINT DINER CLOCK
23396,BUTTERFLY CUSHION COVER
23395,BELLE JARDINIERE CUSHION COVER
23393,HOME SWEET HOME CUSHION COVER 
23397,FOOT STOOL HOME SWEET HOME 
23399,HOME SWEET HOME HANGING HEART
23396,LA JARDIN BOTANIQUE CUSHION COVER
23404,HOME SWEET HOME BLACKBOARD
23426,METAL SIGN DROP YOUR PANTS
22466,FAIRY TALE COTTAGE NIGHT LIGHT
23434,3 RAFFIA RIBBONS 50'S CHRISTMAS 
23390,DOLLY GIRL MINI BACKPACK
23389,SPACEBOY MINI BACKPACK
23388,WOODLAND MINI BACKPACK
23212,PAINTED HEART WREATH WITH BELL
23396,LE JARDIN BOTANIQUE CUSHION COVER
23503,PLAYING CARDS KEEP CALM & CARRY ON
23366,SET 12 COLOURING PENCILS DOILY
23367,SET 12 COLOUR PENCILS SPACEBOY 
23504,PLAYING CARDS JUBILEE UNION JACK
23371,SET 36 COLOUR PENCILS SPACEBOY 
23506,MINI PLAYING CARDS SPACEBOY 
23366,SET 12 COLOUR PENCILS DOILEY
23493,VINTAGE DOILY TRAVEL SEWING KIT
23365,SET 12 COLOUR PENCILS LOVE LONDON
23368,SET 12 COLOUR PENCILS DOLLY GIRL 
23390,DOLLY GIRL MINI RUCKSACK
23389,SPACEBOY MINI RUCKSACK
23494,VINTAGE DOILY DELUXE SEWING KIT 
23535,BICYCLE SAFTEY WALL ART
23534,STOP FOR TEA WALL ART
23535,WALL ART BICYCLE SAFTEY 
23534,WALL ART STOP FOR TEA 
23535,WALL ART BICYCLE SAFETY
23366,SET 12 COLOURING PENCILS DOILEY
23388,WOODLAND MINI RUCKSACK 
23188,VINTAGE  2 METRE FOLDING RULER
82600,N0 SINGING METAL SIGN
23382,BOX OF 6 CHRISTMAS CAKE DECORATIONS
22804,PINK HANGING HEART T-LIGHT HOLDER
23489,"GARLAND, VINTAGE BELLS"
23480,MINI LIGHTS WOODLAND MUSHROOMS
23489,VINTAGE BELLS GARLAND
23570,TRADITIONAL PICK UP STICKS GAME 
23571,TRADITIONAL NAUGHTS & CROSSES
23569,TRADTIONAL ALPHABET STAMP SET
23582,VINTAGE DOILY JUMBO BAG RED 
23583,LUNCH BAG PAISLEY PARK  
23581,JUMBO BAG PAISLEY PARK
22950,SET OF 36 VINTAGE CHRISTMAS DOILIES
21232,STRAWBERRY CERAMIC TRINKET POT
23306,SET OF 36 PANTRY PAPER DOILIES
23497,CLASSIC CHROME BICYCLE BELL 
21243,PINK POLKADOT PLATE 
23497,CLASSIC CROME BICYCLE BELL 
22812,PACK 3 BOXES CHRISTMAS PANETTONE
22813,PACK 3 BOXES BIRD PANETTONE 
71477,COLOURED GLASS STAR T-LIGHT HOLDER
22584,PACK OF 6 PANETTONE GIFT BOXES
71053,WHITE MOROCCAN METAL LANTERN
21175,GIN AND TONIC DIET METAL SIGN
85123A,CREAM HANGING HEART T-LIGHT HOLDER
